{
  "Total" : {
    "transaction" : "Total",
    "sampleCount" : 9000,
    "errorCount" : 4453,
    "errorPct" : 49.47778,
    "meanResTime" : 40113.66199999998,
    "medianResTime" : 41598.0,
    "minResTime" : 3816.0,
    "maxResTime" : 84838.0,
    "pct1ResTime" : 60186.8,
    "pct2ResTime" : 67074.49999999999,
    "pct3ResTime" : 73260.22999999998,
    "throughput" : 61.6324378368384,
    "receivedKBytesPerSec" : 75.93745639719025,
    "sentKBytesPerSec" : 125.25107728365303
  },
  "Petición HTTP - Servicio Coordinadora" : {
    "transaction" : "Petición HTTP - Servicio Coordinadora",
    "sampleCount" : 9000,
    "errorCount" : 4453,
    "errorPct" : 49.47778,
    "meanResTime" : 40113.66199999998,
    "medianResTime" : 41598.0,
    "minResTime" : 3816.0,
    "maxResTime" : 84838.0,
    "pct1ResTime" : 60186.8,
    "pct2ResTime" : 67074.49999999999,
    "pct3ResTime" : 73260.22999999998,
    "throughput" : 61.6324378368384,
    "receivedKBytesPerSec" : 75.93745639719025,
    "sentKBytesPerSec" : 125.25107728365303
  }
}